"Label","GeneratedAt"
"apps","2025-09-23 05:23:43"
"automation","2025-09-23 05:23:43"
"backlog-only","2025-09-23 05:23:43"
"BE","2025-09-23 05:23:43"
"C&A","2025-09-23 05:23:43"
"camunda","2025-09-23 05:23:43"
"catalyst-steel-thread","2025-09-23 05:23:43"
"Catalyst_Steel_Thread","2025-09-23 05:23:43"
"CI","2025-09-23 05:23:43"
"cutover","2025-09-23 05:23:43"
"de-self-owned","2025-09-23 05:23:43"
"domain-gateway-support","2025-09-23 05:23:43"
"DX","2025-09-23 05:23:43"
"E2E","2025-09-23 05:23:43"
"ESSCCR","2025-09-23 05:23:43"
"foundational","2025-09-23 05:23:43"
"foundational-phase","2025-09-23 05:23:43"
"Foursight","2025-09-23 05:23:43"
"frontend","2025-09-23 05:23:43"
"gov-docs","2025-09-23 05:23:43"
"governance","2025-09-23 05:23:43"
"graphql","2025-09-23 05:23:43"
"kpi","2025-09-23 05:23:43"
"lse","2025-09-23 05:23:43"
"migration","2025-09-23 05:23:43"
"Mulesoft","2025-09-23 05:23:43"
"needs_review","2025-09-23 05:23:43"
"okr:2025q3","2025-09-23 05:23:43"
"Phoenix","2025-09-23 05:23:43"
"plaq-init,","2025-09-23 05:23:43"
"plaq-kanban","2025-09-23 05:23:43"
"plaq-kanban,","2025-09-23 05:23:43"
"plos-increment-1b","2025-09-23 05:23:43"
"plos-increment-2b,","2025-09-23 05:23:43"
"plos-increment-2c,","2025-09-23 05:23:43"
"plos-increment-3a,","2025-09-23 05:23:43"
"plos-task","2025-09-23 05:23:43"
"PLOS_ivaas","2025-09-23 05:23:43"
"PLOS_ivaas,","2025-09-23 05:23:43"
"PLOS_tmx,","2025-09-23 05:23:43"
"readiness","2025-09-23 05:23:43"
"service","2025-09-23 05:23:43"
"servicenow","2025-09-23 05:23:43"
"sp-2025.03","2025-09-23 05:23:43"
"sp-2025.04","2025-09-23 05:23:43"
"sp-2025.11","2025-09-23 05:23:43"
"sp-Icebox","2025-09-23 05:23:43"
"sp-IVaaS","2025-09-23 05:23:43"
"spike","2025-09-23 05:23:43"
"Spike","2025-09-23 05:23:43"
"steel-thread","2025-09-23 05:23:43"
"tech-debt","2025-09-23 05:23:43"
"tracked-metric","2025-09-23 05:23:43"
"tshirt-13,","2025-09-23 05:23:43"
"tshirt-3","2025-09-23 05:23:43"
"tshirt-3,","2025-09-23 05:23:43"
"tshirt-8,","2025-09-23 05:23:43"
"UI","2025-09-23 05:23:43"
"Unit","2025-09-23 05:23:43"
"validation","2025-09-23 05:23:43"
"wave-all","2025-09-23 05:23:43"
"xray","2025-09-23 05:23:43"
