"Value","DisplayName","Types","Orderable","Searchable","GeneratedAt"
,,"","","","2025-09-23 16:02:30"
,,"","","","2025-09-23 16:02:30"
,,"","","","2025-09-23 16:02:30"
,,"","","","2025-09-23 16:02:30"
,,"","","","2025-09-23 16:02:30"
,,"","","","2025-09-23 16:02:30"
,,"","","","2025-09-23 16:02:30"
,,"","","","2025-09-23 16:02:30"
,,"","","","2025-09-23 16:02:30"
,,"","","","2025-09-23 16:02:30"
,,"","","","2025-09-23 16:02:30"
,,"","","","2025-09-23 16:02:30"
,,"","","","2025-09-23 16:02:30"
,,"","","","2025-09-23 16:02:30"
,,"","","","2025-09-23 16:02:30"
,,"","","","2025-09-23 16:02:30"
,,"","","","2025-09-23 16:02:30"
,,"","","","2025-09-23 16:02:30"
,,"","","","2025-09-23 16:02:30"
,,"","","","2025-09-23 16:02:30"
,,"","","","2025-09-23 16:02:30"
,,"","","","2025-09-23 16:02:30"
,,"","","","2025-09-23 16:02:30"
,,"","","","2025-09-23 16:02:30"
,,"","","","2025-09-23 16:02:30"
,,"","","","2025-09-23 16:02:30"
,,"","","","2025-09-23 16:02:30"
,,"","","","2025-09-23 16:02:30"
,,"","","","2025-09-23 16:02:30"
,,"","","","2025-09-23 16:02:30"
,,"","","","2025-09-23 16:02:30"
,,"","","","2025-09-23 16:02:30"
,,"","","","2025-09-23 16:02:30"
,,"","","","2025-09-23 16:02:30"
,,"","","","2025-09-23 16:02:30"
,,"","","","2025-09-23 16:02:30"
,,"","","","2025-09-23 16:02:30"
,,"","","","2025-09-23 16:02:30"
,,"","","","2025-09-23 16:02:30"
,,"","","","2025-09-23 16:02:30"
,,"","","","2025-09-23 16:02:30"
,,"","","","2025-09-23 16:02:30"
,,"","","","2025-09-23 16:02:30"
,,"","","","2025-09-23 16:02:30"
,,"","","","2025-09-23 16:02:30"
,,"","","","2025-09-23 16:02:30"
,,"","","","2025-09-23 16:02:30"
,,"","","","2025-09-23 16:02:30"
,,"","","","2025-09-23 16:02:30"
,,"","","","2025-09-23 16:02:30"
