"SourceKey","TargetKey","Timestamp"
"ERD-159","ERDTEST-11","2025-10-17 06:49:46"
"ERD-162","ERDTEST-4","2025-10-17 06:49:46"
"ERD-171","ERDTEST-59","2025-10-17 06:49:46"
"ERD-183","ERDTEST-25","2025-10-17 06:49:46"
"ERD-211","ERDTEST-24","2025-10-17 06:49:46"
"ERD-225","ERDTEST-31","2025-10-17 06:49:46"
"ERD-259","ERDTEST-1","2025-10-17 06:49:46"
"ERD-260","ERDTEST-22","2025-10-17 06:49:46"
"ERD-261","ERDTEST-58","2025-10-17 06:49:46"
"ERD-262","ERDTEST-57","2025-10-17 06:49:46"
"ERD-265","ERDTEST-56","2025-10-17 06:49:46"
"ERD-266","ERDTEST-55","2025-10-17 06:49:46"
"ERD-267","ERDTEST-54","2025-10-17 06:49:46"
"ERD-268","ERDTEST-94","2025-10-17 06:49:46"
"ERD-269","ERDTEST-95","2025-10-17 06:49:46"
"ERD-277","ERDTEST-8","2025-10-17 06:49:46"
"ERD-348","ERDTEST-10","2025-10-17 06:49:46"
"ERD-355","ERDTEST-53","2025-10-17 06:49:46"
"ERD-359","ERDTEST-52","2025-10-17 06:49:46"
"ERD-360","ERDTEST-51","2025-10-17 06:49:46"
"ERD-361","ERDTEST-50","2025-10-17 06:49:46"
"ERD-413","ERDTEST-102","2025-10-17 06:49:46"
"ERD-414","ERDTEST-15","2025-10-17 06:49:46"
"ERD-415","ERDTEST-49","2025-10-17 06:49:46"
"ERD-416","ERDTEST-48","2025-10-17 06:49:46"
"ERD-417","ERDTEST-47","2025-10-17 06:49:46"
"ERD-421","ERDTEST-97","2025-10-17 06:49:46"
"ERD-425","ERDTEST-91","2025-10-17 06:49:46"
"ERD-428","ERDTEST-101","2025-10-17 06:49:46"
"ERD-429","ERDTEST-108","2025-10-17 06:49:46"
"ERD-430","ERDTEST-72","2025-10-17 06:49:46"
"ERD-436","ERDTEST-122","2025-10-17 06:49:46"
"ERD-443","ERDTEST-5","2025-10-17 06:49:46"
"ERD-444","ERDTEST-6","2025-10-17 06:49:46"
"ERD-445","ERDTEST-7","2025-10-17 06:49:46"
"ERD-446","ERDTEST-23","2025-10-17 06:49:46"
"ERD-447","ERDTEST-21","2025-10-17 06:49:46"
"ERD-451","ERDTEST-80","2025-10-17 06:49:46"
"ERD-462","ERDTEST-33","2025-10-17 06:49:46"
"ERD-474","ERDTEST-79","2025-10-17 06:49:46"
"ERD-475","ERDTEST-78","2025-10-17 06:49:46"
"ERD-476","ERDTEST-84","2025-10-17 06:49:46"
"ERD-477","ERDTEST-76","2025-10-17 06:49:46"
"ERD-485","ERDTEST-100","2025-10-17 06:49:46"
"ERD-498","ERDTEST-98","2025-10-17 06:49:46"
"ERD-499","ERDTEST-99","2025-10-17 06:49:46"
"ERD-500","ERDTEST-104","2025-10-17 06:49:46"
"ERD-501","ERDTEST-96","2025-10-17 06:49:46"
"ERD-502","ERDTEST-93","2025-10-17 06:49:46"
"ERD-503","ERDTEST-92","2025-10-17 06:49:46"
"ERD-504","ERDTEST-103","2025-10-17 06:49:46"
"ERD-505","ERDTEST-105","2025-10-17 06:49:46"
"ERD-506","ERDTEST-121","2025-10-17 06:49:46"
"ERD-507","ERDTEST-107","2025-10-17 06:49:46"
"ERD-517","ERDTEST-92","2025-10-17 06:49:46"
"ERD-518","ERDTEST-103","2025-10-17 06:49:46"
"ERD-519","ERDTEST-105","2025-10-17 06:49:46"
"ERD-520","ERDTEST-120","2025-10-17 06:49:46"
"ERD-521","ERDTEST-107","2025-10-17 06:49:46"
"ERD-522","ERDTEST-119","2025-10-17 06:49:46"
"ERD-528","ERDTEST-106","2025-10-17 06:49:46"
"ERD-529","ERDTEST-27","2025-10-17 06:49:46"
"ERD-534","ERDTEST-118","2025-10-17 06:49:46"
"ERD-535","ERDTEST-117","2025-10-17 06:49:46"
"ERD-536","ERDTEST-106","2025-10-17 06:49:46"
"ERD-578","ERDTEST-3","2025-10-17 06:49:46"
"ERD-642","ERDTEST-75","2025-10-17 06:49:46"
"ERD-648","ERDTEST-77","2025-10-17 06:49:46"
"ERD-670","ERDTEST-111","2025-10-17 06:49:46"
"ERD-672","ERDTEST-111","2025-10-17 06:49:46"
"ERD-679","ERDTEST-81","2025-10-17 06:49:46"
"ERD-691","ERDTEST-110","2025-10-17 06:49:46"
"ERD-693","ERDTEST-82","2025-10-17 06:49:46"
"ERD-709","ERDTEST-83","2025-10-17 06:49:46"
"ERD-711","ERDTEST-13","2025-10-17 06:49:46"
"ERD-765","ERDTEST-9","2025-10-17 06:49:46"
"ERD-800","ERDTEST-87","2025-10-17 06:49:46"
"ERD-807","ERDTEST-17","2025-10-17 06:49:46"
"ERD-855","ERDTEST-85","2025-10-17 06:49:46"
"ERD-858","ERDTEST-16","2025-10-17 06:49:46"
"ERD-883","ERDTEST-90","2025-10-17 06:49:46"
"ERD-884","ERDTEST-109","2025-10-17 06:49:46"
"ERD-899","ERDTEST-26","2025-10-17 06:49:46"
"ERD-918","ERDTEST-28","2025-10-17 06:49:46"
"ERD-919","ERDTEST-29","2025-10-17 06:49:46"
"ERD-933","ERDTEST-30","2025-10-17 06:49:46"
"ERD-934","ERDTEST-2","2025-10-17 06:49:46"
"ERD-935","ERDTEST-20","2025-10-17 06:49:46"
"ERD-936","ERDTEST-19","2025-10-17 06:49:46"
"ERD-937","ERDTEST-18","2025-10-17 06:49:46"
"ERD-944","ERDTEST-32","2025-10-17 06:49:46"
"ERD-949","ERDTEST-14","2025-10-17 06:49:46"
"ERD-950","ERDTEST-45","2025-10-17 06:49:46"
"ERD-951","ERDTEST-89","2025-10-17 06:49:46"
"ERD-952","ERDTEST-86","2025-10-17 06:49:46"
"ERD-953","ERDTEST-73","2025-10-17 06:49:46"
"ERD-954","ERDTEST-74","2025-10-17 06:49:46"
"ERD-955","ERDTEST-71","2025-10-17 06:49:46"
"ERD-956","ERDTEST-62","2025-10-17 06:49:46"
"ERD-957","ERDTEST-42","2025-10-17 06:49:46"
"ERD-958","ERDTEST-38","2025-10-17 06:49:46"
"ERD-959","ERDTEST-37","2025-10-17 06:49:46"
"ERD-96","ERDTEST-12","2025-10-17 06:49:46"
"ERD-960","ERDTEST-36","2025-10-17 06:49:46"
"ERD-961","ERDTEST-35","2025-10-17 06:49:46"
"ERD-962","ERDTEST-44","2025-10-17 06:49:46"
"ERD-963","ERDTEST-39","2025-10-17 06:49:46"
"ERD-964","ERDTEST-40","2025-10-17 06:49:46"
"ERD-965","ERDTEST-41","2025-10-17 06:49:46"
"ERD-966","ERDTEST-43","2025-10-17 06:49:46"
"ERD-967","ERDTEST-70","2025-10-17 06:49:46"
"ERD-970","ERDTEST-46","2025-10-17 06:49:46"
"ERD-972","ERDTEST-69","2025-10-17 06:49:46"
"ERD-973","ERDTEST-68","2025-10-17 06:49:46"
"ERD-974","ERDTEST-67","2025-10-17 06:49:46"
"ERD-975","ERDTEST-112","2025-10-17 06:49:46"
"ERD-976","ERDTEST-113","2025-10-17 06:49:46"
"ERD-977","ERDTEST-114","2025-10-17 06:49:46"
"ERD-978","ERDTEST-66","2025-10-17 06:49:46"
"ERD-979","ERDTEST-65","2025-10-17 06:49:46"
"ERD-980","ERDTEST-64","2025-10-17 06:49:46"
"ERD-981","ERDTEST-63","2025-10-17 06:49:46"
"ERD-982","ERDTEST-115","2025-10-17 06:49:46"
"ERD-987","ERDTEST-34","2025-10-17 06:49:46"
"ERD-989","ERDTEST-61","2025-10-17 06:49:46"
"ERD-99","ERDTEST-60","2025-10-17 06:49:46"
"ERD-991","ERDTEST-116","2025-10-17 06:49:46"
